{
  "@quasar/icon-genie": {
    "minify_dev": "pngquant",
    "minify_build": "optipng",
    "cordova": {
      "background_color": "#000074",
      "splashscreen_type": "pure"
    },
    "build_always": false,
    "__internal": {
      "dev": {
        "pwa": {
          "iconHash": "4ccb11f8fcf30f338d32859047fd3ad3"
        },
        "spa": {
          "iconHash": "4ccb11f8fcf30f338d32859047fd3ad3"
        }
      },
      "build": {
        "spa": {
          "iconHash": "4ccb11f8fcf30f338d32859047fd3ad3"
        }
      }
    }
  }
}